model,mean,std
META,0.41279610892605156,0.0017099292004805124
