model,mean,std
META,0.3655693572002078,0.0017105855313487386
