model,mean,std
META,0.473293882839035,0.001550095473779486
