model,mean,std
META,0.49944402092530016,0.05059952217661214
